playerID,yearID,stint,teamID,G,AB,R,H,2B,3B,HR,RBI,SB,CS,BB,SO,IBB,HBP,SH,SF,GIDP,1B,PA,BA,OBP,TB,SLG,OPS,ISO,BB%,K%,BB/K,BAPIP,SB%,Weighted162Factor,Weight,Height
altheaa01,2016-01-01,1,PHI,0,198,23,0,6,0,4,22,7,2,0,69,0,6,0,0,4,0,0,0.196969697,0.299559471,57,0.0,0.0,0.090908303,0.101321586,0.0,0.333333333,0.28,0.0,0.604938272,215,6.416666
duvalad01,2016-01-01,1,CIN,0,552,0,0,0,6,33,0,0,0,41,0,0,6,0,0,0,63,0,0.0,0.0,275,0.0,0.0,0.0,0.0,0.0,0.0,0.0,0.0,0.0,220,6.0833330000000005
rosalad01,2012-01-01,1,OAK,0,99,0,0,5,0,0,0,0,0,0,24,0,0,0,0,0,0,0,0.222222222,0.0,33,0.333333,0.0,0.111110778,0.0,0.0,0.458333333,0.0,0.0,3.302469136,0,6.166666
jonesad01,2009-01-01,1,BAL,0,0,0,0,0,0,19,70,0,4,0,0,3,7,0,0,13,87,519,0.276955603,0.0,216,0.0,0.0,0.0,0.06936416200000001,0.179190751,0.387096774,0.307692308,0.0,0.0,0,6.166666
beltrad01,2012-01-01,1,TEX,0,0,0,0,0,0,0,102,1,0,36,0,0,0,0,9,8,123,0,0.32119205300000003,0.0,339,0.561258,0.0,0.0,0.055045872,0.0,0.43902439,0.319191919,0.0,0.0,220,5.916666
benesal01,2000-01-01,1,SLN,30,4,0,2,1,0,0,0,0,0,0,1,0,0,0,0,0,1,0,0.0,0.0,3,0.0,0.0,0.0,0.0,0.0,0.0,0.0,0.0,0.7098765429999999,215,6.416666
lopezal02,2003-01-01,1,KCA,15,0,0,0,0,0,0,0,0,0,0,0,0,0,0,0,0,0,0,0.0,0.0,0,0.0,0.0,0.0,0.0,0.0,0.0,0.0,0.0,1.833333333,240,6.166666
gonzaal02,2011-01-01,1,ATL,149,564,59,0,0,0,15,56,2,0,0,126,1,0,4,0,0,0,593,0.0,0.269949066,0,0.0,0.642289066,0.0,0.0,0.212478921,0.174603175,0.284705882,0.0,9.932098765,0,6.0833330000000005
jonesan01,2003-01-01,1,ATL,156,0,0,165,28,0,36,116,4,3,53,125,0,5,0,0,0,0,0,0.0,0.0,0,0.0,0.850996502,0.235294076,0.0,0.0,0.0,0.0,0.571428571,0.0,0,6.0833330000000005
sanchan02,2013-01-01,1,CHA,0,2,0,0,0,0,0,0,0,0,0,0,0,0,0,0,0,0,2,0.0,0.0,0,0.0,0.0,0.0,0.0,0.0,0.0,0.0,0.0,1.141975309,0,6.0833330000000005
adamsba01,2010-01-01,1,PIT,0,0,9,0,3,0,0,0,0,0,9,0,0,0,0,0,0,0,0,0.0,0.0,0,0.0,0.50065413,0.0,0.0,0.237113402,0.391304348,0.0,0.0,0.0,0,5.916666
molinbe01,2002-01-01,1,ANA,122,428,0,105,0,0,5,0,0,0,0,0,3,4,6,0,0,0,0,0.0,0.0,138,0.0,0.0,0.0,0.0,0.0,0.0,0.253164557,0.0,8.407407407,190,5.916666
burnsbi01,2008-01-01,1,WS1,0,0,0,0,0,0,0,0,0,0,0,0,0,0,0,0,0,0,56,0.0,0.17857142899999998,0,0.0,0.363756429,0.037036852,0.035714286,0.0,0.0,0.0,1.0,0.0,0,6.166666
clingbi01,2000-01-01,1,CHN,47,0,0,33,6,0,0,0,0,0,0,0,0,0,1,0,0,0,0,0.0,0.29213483100000004,39,0.0,0.5374178310000001,0.03773583,0.0,0.0,0.0,0.20754717,1.0,5.037037037,150,5.916666
bradlbi01,2008-01-01,1,CLE,0,548,0,0,0,0,1,0,18,0,29,0,0,13,60,0,0,101,650,0.0,0.296610169,0,0.0,0.614128169,0.07481727,0.0,0.0,0.0,0.0,0.0,0.0,0,6.0
parnebo01,2011-01-01,1,NYN,0,0,0,0,0,0,0,0,0,0,0,0,0,0,0,0,0,0,0,0.0,0.0,0,0.0,0.0,0.0,0.0,0.0,0.0,0.0,0.0,0.0,0,6.25
tekotbl01,2011-01-01,1,SDN,0,34,0,0,1,0,0,0,0,0,4,21,0,0,0,0,0,0,40,0.0,0.263157895,9,0.264705,0.0,0.0,0.1,0.525,0.19047619,0.461538462,0.666666666,0.0,0,5.916666
ganlebo01,2008-01-01,1,WS1,150,0,61,131,0,0,1,0,0,0,45,0,0,2,52,0,0,102,0,0.0,0.0,171,0.311475,0.610132718,0.072859335,0.0,0.0,0.0,0.237226277,0.0,3.530864198,0,5.5833330000000005
mccarbr01,2012-01-01,1,OAK,0,0,0,0,0,0,0,0,0,0,0,0,0,0,0,0,0,0,0,0.0,0.0,0,0.0,0.0,0.0,0.0,0.0,0.0,0.0,0.0,0.0,0,6.5833330000000005
burrebr01,2011-01-01,1,PIT,0,0,0,0,0,0,0,0,0,0,0,1,0,0,0,0,0,0,0,0.0,0.0,0,0.0,0.0,0.0,0.0,0.0,0.0,0.0,0.0,0.0,175,6.0833330000000005
maurebr01,2014-01-01,1,SEA,0,0,0,0,0,0,0,0,0,0,0,0,0,0,1,0,0,0,0,0.0,0.0,0,0.0,0.0,0.0,0.0,0.0,0.0,0.0,0.0,0.0,0,6.416666
donnebr01,2009-01-01,1,FLO,0,0,0,0,0,0,0,0,0,0,0,0,0,0,0,0,0,0,0,0.0,0.0,0,0.0,0.0,0.0,0.0,0.0,0.0,0.0,0.0,2.388888889,205,6.25
beltrca01,2015-01-01,1,NYA,133,478,0,132,0,1,19,67,0,0,45,85,0,2,0,6,12,0,531,0.276150628,0.33709981200000005,0,0.0,0.807810812,0.194560372,0.0,0.16007533,0.0,0.0,0.0,15.16666667,215,6.0833330000000005
bartoda02,2007-01-01,1,OAK,18,0,0,25,9,0,4,8,1,0,10,11,0,1,0,0,2,12,0,0.347222222,0.428571429,0,0.0,1.067459429,0.291665778,0.0,0.130952381,0.0,0.0,1.0,0.0,0,6.0
izturce01,2010-01-01,1,BAL,0,473,0,0,0,0,0,0,0,0,25,53,1,0,0,0,0,94,0,0.0,0.276679842,0,0.0,0.5451778420000001,0.038054025,0.048732943,0.0,0.0,0.0,0.0,8.086419753,180,5.75
holadbr01,2013-01-01,1,DET,16,0,0,0,0,0,0,0,0,0,0,0,0,1,0,0,0,6,33,0.0,0.3666666670000001,0,0.444444,0.811110667,0.0,0.060606061,0.0,0.0,0.304347826,0.0,0.0,205,6.0
adamsda02,2013-01-01,1,NYA,0,0,0,0,5,1,2,13,0,0,0,0,0,0,0,0,0,0,0,0.192857143,0.0,0,0.0,0.537369629,0.0,0.0,0.0,0.0,0.263157895,0.0,0.265432099,0,6.166666
evereca01,2005-01-01,1,CHA,135,490,58,0,17,0,23,87,4,5,0,0,2,0,0,0,0,0,547,0.25102040800000003,0.310786106,213,0.4346930000000001,0.0,0.183672592,0.07678245,0.0,0.424242424,0.0,0.444444444,0.0,181,6.0
graydo01,2010-01-01,1,WS1,35,85,0,0,0,1,0,0,0,0,4,0,0,0,0,0,0,0,0,0.0,0.280898876,26,0.0,0.0,0.058823176,0.0,0.0,0.0,0.247058824,0.0,0.6790123459999999,160,6.166666
finlech01,2002-01-01,1,CLE,0,0,0,0,0,0,0,0,0,0,0,0,0,0,0,0,1,0,4,0.0,0.0,0,0.0,0.0,0.0,0.0,0.0,0.0,0.0,0.0,0.0,0,6.5
nichtch01,2000-01-01,1,CLE,7,0,0,0,0,0,0,0,0,0,0,0,0,0,0,0,0,0,0,0.0,0.0,0,0.0,0.0,0.0,0.0,0.0,0.0,0.0,0.0,0.0,205,6.0833330000000005
condrcl01,2006-01-01,1,PHI,21,2,0,0,0,0,0,0,0,0,0,0,0,0,0,0,0,0,0,0.0,0.0,0,0.0,0.0,0.0,0.0,0.5,0.0,0.0,0.0,1.104938272,195,6.25
gagneer01,2007-01-01,1,TEX,0,0,0,0,0,0,0,0,0,0,0,0,0,0,0,0,0,0,0,0.0,0.0,0,0.0,0.0,0.0,0.0,0.0,0.0,0.0,0.0,0.0,0,6.166666
micelda01,2001-01-01,1,FLO,29,0,0,0,0,0,0,0,0,0,0,0,0,0,0,0,0,0,0,0.0,0.0,0,0.0,0.0,0.0,0.0,0.0,0.0,0.0,0.0,0.0,185,6.0833330000000005
stephga01,2002-01-01,1,SLN,0,12,0,0,0,0,0,0,0,0,1,0,0,0,2,0,0,0,0,0.0,0.076923077,0,0.0,0.0,0.0,0.0,0.0,0.0,0.0,0.0,0.0,0,6.3333330000000005
roberda01,2016-01-01,1,NY1,150,0,88,0,0,0,12,0,21,17,14,0,0,0,0,0,0,142,620,0.0,0.32615894,250,0.0,0.0,0.119250048,0.0,0.090322581,0.25,0.323699422,0.0,0.0,186,6.0
tatumcr01,2009-01-01,1,CIN,0,0,0,0,0,0,1,0,0,0,7,0,1,0,0,0,0,0,77,0.0,0.25,0,0.0,0.0,0.05882329400000001,0.0,0.0,0.0,0.175438596,0.0,0.617283951,0,6.0833330000000005
weathda01,2003-01-01,1,NYN,0,3,0,0,0,0,0,0,0,0,0,0,0,0,0,0,0,0,3,0.0,0.0,0,0.0,0.0,0.0,0.0,0.0,0.0,0.0,0.0,5.969135802,0,6.25
zaungr01,2007-01-01,1,TOR,0,0,43,80,24,1,0,0,0,0,0,0,0,0,1,0,9,0,0,0.0,0.0,136,0.410876,0.7519016409999999,0.169184157,0.0,0.140664962,0.927272727,0.0,0.0,0.0,0,5.8333330000000005
zinngu01,2013-01-01,1,BSN,0,0,0,0,0,0,0,15,0,0,4,0,0,1,0,0,0,30,147,0.0,0.0,56,0.405797,0.0,0.0,0.027210884,0.156462585,0.0,0.350877193,0.0,0.0,0,5.8333330000000005
stangda01,2010-01-01,1,ARI,0,0,0,0,0,0,0,0,0,0,0,0,0,0,0,0,0,0,0,0.0,0.0,0,0.0,0.0,0.0,0.0,0.0,0.0,0.0,0.0,0.0,235,6.25
cotahu01,2007-01-01,1,PIT,5,14,1,0,1,0,0,0,0,0,2,2,0,0,0,0,0,3,0,0.0,0.388888889,5,0.0,0.746030889,0.0,0.111111111,0.0,1.0,0.307692308,0.0,1.209876543,225,5.916666
bushdo01,2016-01-01,1,DET,0,550,73,124,0,9,0,0,19,0,75,0,0,0,27,0,0,0,653,0.225454545,0.319488818,0,0.0,0.586760818,0.0,0.0,0.0,1.785714286,0.244094488,1.0,0.0,140,5.5
harledi01,2003-01-01,1,CHN,104,386,0,89,9,0,0,0,27,0,0,0,0,11,0,0,0,0,457,0.0,0.0,0,0.0,0.0,0.0,0.0,0.0,0.0,0.0,1.0,4.567901235,165,5.8333330000000005
wellsja02,2008-01-01,1,SDN,0,0,0,0,0,0,0,0,0,0,0,0,0,0,0,0,0,0,0,0.0,0.0,0,0.0,0.0,0.0,0.0,0.0,0.0,0.0,0.0,0.049382715999999986,200,6.3333330000000005
segurje01,2012-01-01,1,LAA,1,3,0,0,0,0,0,0,0,0,0,0,0,0,0,0,0,0,3,0.0,0.0,0,0.0,0.0,0.0,0.0,0.0,0.0,0.0,0.0,0.0,205,5.8333330000000005
davenda01,2016-01-01,1,SLA,59,73,5,10,0,0,0,0,0,0,0,0,0,0,0,0,0,0,96,0.136986301,0.0,13,0.0,0.485774308,0.0,0.0,0.4479166670000001,0.372093023,0.333333333,0.0,0.0,220,6.5
cookde01,2000-01-01,1,NYN,68,0,0,0,0,0,0,0,0,0,0,0,0,0,1,0,0,0,1,0.0,0.0,0,0.0,0.0,0.0,0.0,0.0,0.0,0.0,0.0,4.12962963,185,6.25
hermadu01,2000-01-01,1,MON,38,55,0,0,0,0,0,1,0,0,2,0,0,0,0,0,0,0,0,0.145454545,0.0,10,0.181818,0.0,0.0,0.030769231,0.323076923,0.095238095,0.235294118,0.0,0.0,0,6.25
gagneer01,2007-01-01,2,BOS,0,0,0,0,0,0,0,0,0,0,0,0,0,0,0,0,0,0,0,0.0,0.0,0,0.0,0.0,0.0,0.0,0.0,0.0,0.0,0.0,0.0,195,6.166666
wengedo01,2001-01-01,1,PIT,4,3,0,0,0,0,0,0,0,0,0,0,0,0,0,0,0,0,5,0.0,0.0,0,0.0,0.25,0.0,0.0,0.0,0.5,0.0,0.0,0.0,0,6.166666
sanchdu01,2006-01-01,1,NYN,49,1,1,0,0,0,0,0,0,0,0,1,0,1,0,0,0,0,2,0.0,0.0,0,0.0,0.5,0.0,0.0,0.0,0.0,0.0,0.0,1.783950617,0,6.166666
younger03,2013-01-01,2,NYN,91,374,48,94,18,0,0,0,0,7,0,67,1,2,0,1,5,0,418,0.25133689800000003,0.317961165,123,0.0,0.646838165,0.0,0.083732057,0.160287081,0.52238806,0.0,0.8444444440000001,0.0,0,5.8333330000000005
chanees01,2013-01-01,1,BOS,0,0,0,0,0,0,0,0,0,0,0,0,0,0,0,0,0,0,0,0.0,0.0,0,0.0,0.0,0.0,0.0,0.0,0.0,0.0,0.0,0.0,0,5.916666
chancfr01,2007-01-01,1,CHN,111,382,58,0,0,2,0,49,35,0,0,0,0,13,5,0,0,0,0,0.0,0.394618834,138,0.361256,0.0,0.0,0.0,0.0,0.0,0.291338583,1.0,7.944444444,190,6.0
bourju01,2016-01-01,1,MIA,0,280,0,74,0,1,0,0,0,0,38,56,0,0,0,3,0,0,0,0.264285714,0.0,133,0.475,0.8239096570000001,0.21071428600000006,0.0,0.0,0.6785714290000001,0.278301887,0.0,0.0,265,6.25
jonesfi01,2002-01-01,1,CHA,135,0,98,0,16,0,0,0,0,0,57,0,0,3,0,0,0,0,612,0.0,0.0,197,0.3703,0.0,0.0,0.0,0.0,0.0,0.0,0.0,11.03703704,180,5.916666
anderfr01,2015-01-01,1,BUF,0,80,0,12,0,0,0,2,0,0,0,21,0,0,0,0,0,0,0,0.0,0.17073170699999998,0,0.0,0.333231707,0.0,0.0,0.0,0.0,0.203389831,0.0,0.0,0,6.166666
koneted01,2010-01-01,1,SLN,144,520,0,157,0,0,3,0,0,0,0,0,0,4,0,0,0,115,0,0.301923077,0.0,0,0.0,0.0,0.123076923,0.0,0.0,0.0,0.0,0.0,12.87037037,0,6.166666
granted01,2013-01-01,1,CIN,0,0,12,20,1,0,0,0,0,0,11,10,0,0,0,0,0,19,0,0.212765957,0.0,21,0.223404,0.0,0.0,0.0,0.0,1.1,0.0,0.0,6.1111111110000005,0,5.916666
crossla01,2003-01-01,1,PHA,137,0,60,163,0,0,2,90,0,0,10,0,0,0,0,0,0,0,0,0.0,0.304042179,199,0.35599200000000003,0.6600341789999999,0.064399871,0.0,0.0,0.0,0.289048474,0.0,14.04320988,155,5.666666
alvarhe01,2015-01-01,1,MIA,4,0,0,2,1,0,0,1,0,0,0,1,0,0,0,0,0,0,6,0.333333333,0.0,3,0.5,0.0,0.166666667,0.0,0.0,0.0,0.0,0.0,0.0,205,6.0
lairdge01,2015-01-01,1,ARI,1,0,0,0,0,0,0,0,0,0,0,0,0,0,0,0,0,0,0,0.0,0.0,0,0.0,0.0,0.0,0.0,0.0,0.0,0.0,0.0,0.0,0,6.0833330000000005
covelha01,2010-01-01,1,CIN,7,16,0,1,0,0,0,0,0,0,0,4,0,0,1,0,0,0,17,0.0,0.0,0,0.0,0.1875,0.0625,0.0,0.235294118,0.0,0.0,0.0,0.0,180,6.0
maddugr01,2008-01-01,2,LAN,0,13,0,1,0,0,0,0,0,0,0,0,0,0,0,0,1,0,13,0.0,0.076923077,1,0.0,0.0,0.0,0.0,0.0,0.0,0.083333333,0.0,4.685185185,0,6.0
younger01,2005-01-01,1,SDN,0,142,22,0,9,0,0,12,0,0,0,12,0,0,0,0,0,0,163,0.274647887,0.35625,54,0.380281,0.736531,0.105633113,0.0,0.073619632,0.0,0.2890625,0.538461538,0.0,0,5.75
parrage01,2009-01-01,1,ARI,0,455,0,0,21,8,0,0,0,0,25,89,0,1,0,6,18,98,0,0.0,0.0,0,0.404395,0.0,0.11428511,0.050916497000000005,0.181262729,0.0,0.0,0.0,6.728395062000001,210,5.916666
weaveje01,2001-01-01,1,DET,33,5,0,0,0,0,0,0,0,0,0,0,0,0,1,0,0,0,0,0.0,0.0,0,0.0,0.0,0.0,0.0,0.0,0.0,0.0,0.0,0.0,200,6.416666
davisik02,2010-01-01,1,NYN,147,523,73,0,0,0,19,0,3,2,0,0,0,0,0,0,0,0,601,0.263862333,0.0,230,0.43977,0.7908515309999999,0.175907667,0.119800333,0.229617304,0.52173913,0.0,0.0,0.0,220,6.3333330000000005
oroscje01,2003-01-01,1,SDN,42,0,0,0,0,0,0,0,0,0,0,0,0,0,0,0,0,0,0,0.0,0.0,0,0.0,0.0,0.0,0.0,0.0,0.0,0.0,0.0,7.728395062000001,0,6.166666
kommefr01,2014-01-01,2,BLF,16,42,5,0,1,0,0,1,0,0,0,7,0,1,1,0,0,7,0,0.0,0.34,13,0.309523,0.0,0.0,0.13725490199999998,0.0,1.0,0.0,0.0,0.0,0,6.0
myersha01,2015-01-01,1,BRF,118,341,61,0,0,0,0,0,0,0,0,0,0,2,27,0,0,87,402,0.287390029,0.35200000000000004,112,0.0,0.680445,0.0,0.07960199,0.0,0.8205128209999999,0.0,0.0,2.327160494,0,6.25
edmonji01,2007-01-01,1,SLN,0,365,0,0,0,0,0,0,0,2,41,0,0,0,0,3,0,0,0,0.252054795,0.325183374,147,0.0,0.0,0.0,0.0,0.182481752,0.546666667,0.0,0.0,0.0,190,6.0833330000000005
smithha03,2002-01-01,1,PIT,0,185,14,35,0,0,0,0,0,0,0,0,0,0,0,0,0,0,196,0.189189189,0.0,41,0.221621,0.432147316,0.0,0.0,0.0,0.0,0.189189189,1.0,0.0,165,5.666666
dicksja01,2000-01-01,1,ANA,6,0,0,0,0,0,0,0,0,0,0,0,0,0,0,0,0,0,0,0.0,0.0,0,0.0,0.0,0.0,0.0,0.0,0.0,0.0,0.0,0.450617284,190,6.0
mcgeeja01,2016-01-01,1,COL,57,0,0,0,0,0,0,0,0,0,0,0,0,0,0,0,0,0,0,0.0,0.0,0,0.0,0.0,0.0,0.0,0.0,0.0,0.0,0.0,2.185185185,230,6.25
jennija01,2004-01-01,1,COL,0,71,3,0,0,0,0,6,0,0,0,16,0,0,0,0,0,0,0,0.0,0.260273973,0,0.338028,0.0,0.09859138,0.025641026,0.205128205,0.0,0.296296296,0.0,0.0,0,6.166666
wakefho01,2006-01-01,1,WS1,77,0,17,0,9,0,0,0,0,0,7,0,0,0,0,0,0,0,0,0.0,0.0,0,0.35545,0.658202294,0.0,0.0,0.0,0.0,0.0,0.0,0.6975308640000001,0,6.0833330000000005
mcginjo01,2008-01-01,1,NY1,37,0,0,0,0,0,0,0,1,0,0,0,0,1,5,0,0,10,68,0.0,0.0,0,0.196721,0.403070206,0.0,0.0,0.0,0.0,0.180327869,1.0,0.0,0,5.916666
bluejji01,2016-01-01,1,CIN,0,0,0,0,0,0,0,0,0,0,0,0,0,0,0,0,0,0,0,0.0,0.0,0,0.0,0.0,0.0,0.0,0.0,0.0,0.0,0.0,0.271604938,200,6.166666
weaveje02,2011-01-01,1,LAA,33,4,0,0,0,0,0,0,0,0,0,0,0,0,0,0,0,0,0,0.0,0.0,0,0.0,0.0,0.0,0.0,0.25,0.0,0.0,0.0,1.987654321,0,6.5833330000000005
anderjo01,2006-01-01,1,WS1,0,0,62,0,25,4,0,0,39,0,19,0,0,0,3,0,0,126,0,0.271012007,0.296357616,0,0.0,0.0,0.0,0.031301483,0.0,0.0,0.267241379,0.0,10.09259259,180,6.166666
johnsra01,2014-01-01,1,BOS,16,0,0,0,0,0,0,2,0,0,0,13,0,1,2,0,0,0,0,0.133333333,0.161290323,0,0.13333299999999998,0.0,-3.33e-07,0.0,0.0,0.0,0.235294118,0.0,0.0,185,6.0833330000000005
roenijo01,2008-01-01,1,CIN,0,0,0,0,0,0,0,0,0,0,0,0,0,0,0,0,0,0,0,0.0,0.0,0,0.0,0.0,0.0,0.0,0.0,0.0,0.0,0.0,1.172839506,205,6.25
danksjo01,2011-01-01,1,CHA,0,3,0,0,0,0,0,0,0,0,0,0,0,0,0,0,0,0,0,0.0,0.0,0,0.0,0.0,0.0,0.0,0.0,0.0,0.0,0.0,0.0,0,6.0833330000000005
barfijo02,2009-01-01,1,CLE,0,0,0,0,0,0,0,2,0,1,0,7,0,0,0,0,0,7,0,0.4,0.4,9,0.45,0.0,0.05,0.0,0.35,0.0,0.615384615,0.0,0.0,190,6.0
valenjo04,2004-01-01,1,CIN,0,1,0,0,0,0,0,0,0,0,0,0,0,0,0,0,0,0,0,0.0,0.0,0,0.0,0.0,0.0,0.0,0.0,0.0,0.0,0.0,0.0,0,6.166666
chacijh01,2010-01-01,1,COL,0,0,0,0,0,0,0,0,0,0,0,0,0,0,4,0,0,0,0,0.075,0.0,3,0.075,0.0,0.0,0.0,0.2,0.0,0.0,0.0,1.030864198,0,6.25
mathisc01,2011-01-01,1,PHI,0,0,0,0,0,0,0,0,0,0,0,0,0,0,0,0,0,0,0,0.0,0.0,0,0.0,0.0,0.0,0.0,0.0,0.0,0.0,0.0,0.0,0,6.25
rodrise01,2015-01-01,1,PIT,0,224,25,55,12,0,0,0,0,0,0,63,0,0,5,0,0,0,240,0.0,0.280851064,81,0.361607,0.6424580639999999,0.116071286,0.020833333,0.2625,0.079365079,0.0,0.0,5.5740740739999985,200,6.0
shoppke01,2012-01-01,1,BOS,0,140,16,35,12,0,0,0,1,0,0,62,0,0,0,0,2,0,158,0.0,0.0,0,0.0,0.7983510770000001,0.0,0.0,0.0,0.177419355,0.0,1.0,3.530864198,220,6.0
wilsoja02,2005-01-01,1,PIT,158,0,60,0,0,7,8,52,0,3,31,58,0,6,0,4,0,0,0,0.257240204,0.299363057,0,0.0,0.0,0.105621796,0.0,0.090766823,0.0,0.0,0.7,0.0,200,6.0
bumgama01,2014-01-01,1,SFN,0,66,10,0,0,0,0,0,0,0,2,29,0,0,0,1,0,0,0,0.0,0.0,31,0.0,0.0,0.0,0.0,0.3717948720000001,0.068965517,0.382352941,0.0,1.4074074069999998,250,6.416666
speaktr01,2007-01-01,1,BOS,7,0,0,0,0,0,0,1,0,0,0,0,0,0,0,0,0,0,0,0.0,0.0,0,0.157894,0.0,0.0,0.05,0.0,0.0,0.15789473699999998,0.0,0.0,0,5.916666
belljo01,2012-01-01,1,ARI,0,52,0,9,0,0,0,0,0,0,4,0,1,0,0,0,0,6,56,0.173076923,0.0,0,0.26923,0.0,0.0,0.0,0.0,0.28571428600000004,0.0,0.0,0.617283951,230,6.25
castrju01,2001-01-01,1,CIN,96,0,27,0,10,0,0,0,0,0,13,50,0,0,4,0,9,0,261,0.223140496,0.260700389,73,0.0,0.0,0.0,0.049808429,0.19157088100000005,0.26,0.0,0.0,0.0,190,5.916666
middlwi01,2015-01-01,1,SDN,83,0,23,0,7,0,0,0,0,0,0,60,0,0,0,0,0,36,0,0.0,0.0,92,0.0,0.601524741,0.149019294,0.0,0.222222222,0.183333333,0.0,0.666666666,0.0,220,6.25
callami01,2004-01-01,1,TEX,0,0,0,0,0,0,0,0,0,0,0,0,0,0,0,0,0,0,0,0.0,0.0,0,0.0,0.0,0.0,0.0,0.0,0.0,0.0,0.0,0.0,190,6.166666
merckke01,2008-01-01,1,CIN,15,0,0,0,0,0,0,0,0,0,0,0,0,0,0,0,0,0,0,0.0,0.0,0,0.0,0.0,0.0,0.0,0.0,0.0,0.0,0.0,4.308641975,175,6.0833330000000005
delahji01,2006-01-01,1,CIN,115,0,0,0,0,0,0,0,0,0,45,0,0,0,12,0,0,80,0,0.0,0.0,0,0.0,0.735083742,0.0,0.100896861,0.0,0.0,0.0,0.0,0.0,170,5.8333330000000005
davieky01,2007-01-01,1,ATL,18,0,0,0,0,0,0,0,0,0,2,12,0,0,0,0,0,3,30,0.0,0.25,0,0.0,0.5961529999999999,0.153845308,0.066666667,0.4,0.0,0.307692308,0.0,0.0,210,6.0833330000000005
daleyma01,2011-01-01,1,COL,7,0,0,0,0,0,0,0,0,0,0,0,0,0,0,0,0,0,0,0.0,0.0,0,0.0,0.0,0.0,0.0,0.0,0.0,0.0,0.0,0.0,180,6.166666
murtoma01,2005-01-01,1,CHN,0,0,0,0,3,2,7,0,2,1,16,22,4,0,0,0,4,0,0,0.0,0.0,0,0.0,0.0,0.0,0.1,0.0,0.0,0.336283186,0.0,0.0,220,6.0833330000000005
owingmi01,2007-01-01,1,ARI,35,60,0,0,7,1,0,0,0,0,2,0,0,0,0,1,0,0,64,0.333333333,0.0,41,0.683333,0.0,0.349999667,0.03125,0.25,0.0,0.390243902,0.0,1.12962963,220,6.416666
castrmi01,2015-01-01,1,TOR,0,0,0,0,0,0,0,0,0,0,0,0,0,0,0,0,0,0,0,0.0,0.0,0,0.0,0.0,0.0,0.0,0.0,0.0,0.0,0.0,0.0,190,6.416666
griffke02,2006-01-01,1,CIN,0,428,0,0,19,0,0,72,0,0,0,0,6,2,0,0,13,0,472,0.0,0.31567796600000003,208,0.0,0.0,0.233644551,0.082627119,0.165254237,0.0,0.248466258,0.0,0.0,195,6.25
mcanupa01,2006-01-01,1,SDN,16,0,0,3,0,0,0,3,0,0,2,4,0,0,0,0,0,0,15,0.0,0.333333333,7,0.538461,0.871794333,0.0,0.0,0.266666667,0.5,0.0,0.0,0.8209876540000001,225,5.916666
foxma01,2010-01-01,2,BOS,3,0,0,0,0,0,0,0,0,0,0,0,0,0,0,0,0,0,0,0.0,0.0,0,0.0,0.0,0.0,0.0,0.0,0.0,0.0,0.0,0.024691358,190,6.25
hessmmi01,2010-01-01,1,NYN,0,55,0,7,0,1,0,6,0,0,8,0,1,0,0,0,0,0,0,0.127272727,0.0,14,0.0,0.0,0.0,0.0,0.0,0.347826087,0.0,0.0,0.672839506,0,6.416666
mitchmi01,2012-01-01,1,CIN,0,0,0,0,14,13,4,78,0,0,0,43,0,1,18,0,0,125,612,0.0,0.333333333,0,0.376811,0.0,0.0,0.0,0.0,0.0,0.300990099,1.0,0.0,185,6.0833330000000005
winnra01,2006-01-01,1,SFN,0,0,0,150,0,0,11,56,10,0,0,0,3,7,3,0,0,0,635,0.261780105,0.324367089,227,0.0,0.0,0.134379895,0.07559055099999999,0.099212598,0.761904762,0.0,0.0,0.0,0,6.166666
casanra01,2008-01-01,1,NYN,0,55,0,0,2,0,1,6,0,0,0,10,0,0,0,0,1,0,0,0.0,0.344262295,20,0.363636,0.0,0.090908727,0.0,0.163934426,0.0,0.0,0.0,0.0,200,6.0
keatira01,2014-01-01,1,NYA,0,0,6,12,0,0,0,6,1,0,4,0,0,0,3,0,0,11,78,0.0,0.0,0,0.0,0.396431333,0.014083915,0.051282051,0.0,0.0,0.0,0.0,0.0,0,5.916666
cormila01,2009-01-01,1,TBA,53,0,0,0,0,0,0,0,0,0,0,0,0,0,0,0,0,0,0,0.0,0.0,0,0.0,0.0,0.0,0.0,0.0,0.0,0.0,0.0,0.0,0,6.0833330000000005
atchisc01,2010-01-01,1,BOS,0,0,0,0,0,0,0,0,0,0,0,0,0,0,0,0,0,0,0,0.0,0.0,0,0.0,0.0,0.0,0.0,0.0,0.0,0.0,0.0,1.851851852,0,6.166666
mowremi01,2012-01-01,1,SLN,0,0,59,0,13,0,0,0,0,0,0,0,0,0,0,0,0,81,0,0.254901961,0.0,0,0.340686,0.0,0.085784039,0.096436059,0.0,1.5862068969999998,0.0,1.0,0.0,180,5.8333330000000005
bentoru01,2014-01-01,1,CIN,41,0,4,0,0,0,0,7,1,0,0,0,0,0,0,0,0,0,95,0.0,0.0,17,0.186813,0.0,0.043955857,0.0,0.0,0.032258065,0.0,1.0,0.0,0,6.0833330000000005
pomerst01,2012-01-01,1,BAL,0,0,0,0,0,0,0,0,0,0,0,0,0,0,0,0,0,0,0,0.0,0.0,0,0.0,0.0,0.0,0.0,0.0,0.0,0.0,0.0,0.018518519,0,6.5833330000000005
boydma01,2016-01-01,1,DET,20,0,0,0,0,0,0,0,0,0,0,0,0,0,0,0,0,0,0,0.0,0.0,0,0.0,0.0,0.0,0.0,0.0,0.0,0.0,0.0,0.203703704,215,6.25
doolami01,2016-01-01,2,NY1,18,0,0,12,0,0,0,3,0,0,2,4,0,0,3,0,0,0,0,0.235294118,0.264150943,20,0.0,0.6563069429999999,0.15686188199999998,0.0,0.0,0.5,0.239130435,0.0,10.66666667,0,5.8333330000000005
linebsc01,2009-01-01,1,CHA,57,0,0,0,0,0,0,0,0,0,0,0,0,0,0,0,0,0,0,0.0,0.0,0,0.0,0.0,0.0,0.0,0.0,0.0,0.0,0.0,0.0,0,6.25
fieldth01,2013-01-01,1,LAA,15,0,0,4,0,0,0,0,0,0,0,0,0,0,0,0,0,4,0,0.0,0.0,0,0.0,0.339031185,-1.54e-07,0.037037037,0.259259259,0.0,0.0,0.0,0.0,0,5.8333330000000005
armstsh01,2016-01-01,1,CLE,10,0,0,0,0,0,0,0,0,0,0,0,0,0,0,0,0,0,0,0.0,0.0,0,0.0,0.0,0.0,0.0,0.0,0.0,0.0,0.0,0.111111111,0,6.166666
killere01,2010-01-01,1,WS1,0,345,0,0,17,1,0,24,0,0,0,0,0,0,29,0,0,0,0,0.0,0.0,98,0.0,0.0,0.0,0.0,0.0,0.0,0.0,1.0,0.0,0,5.75
huntene01,2011-01-01,1,PIT,0,209,0,53,10,0,0,0,9,0,0,0,0,0,10,0,0,35,0,0.0,0.0,81,0.0,0.732096815,0.133970483,0.100806452,0.0,0.581395349,0.0,0.0,0.0,180,6.0
mulhote01,2001-01-01,2,LAN,0,0,0,0,0,0,0,0,0,0,0,0,0,0,0,0,0,0,0,0.0,0.0,0,0.0,0.0,0.0,0.0,0.5,0.0,0.0,0.0,0.0,0,6.25
redditi01,2008-01-01,1,WAS,0,47,2,0,0,0,0,3,0,0,5,0,0,0,13,0,0,0,65,0.0,0.0,9,0.0,0.0,0.021276234,0.0,0.215384615,0.35714285700000004,0.242424242,0.0,1.117283951,230,5.916666
kiescro01,2014-01-01,1,ARI,0,41,0,0,0,0,1,0,0,0,0,16,0,0,0,0,0,0,0,0.0,0.195121951,0,0.292682,0.0,0.097560049,0.0,0.0,0.0,0.0,0.0,0.0,225,6.25
stewash01,2005-01-01,1,MIN,0,0,69,151,0,3,0,0,0,5,34,0,0,0,0,5,11,0,0,0.274047187,0.322742475,0,0.0,0.711126475,0.114336813,0.0,0.0,0.465753425,0.298097252,0.583333333,0.0,0,6.0
dempsry01,2012-01-01,2,TEX,0,0,0,0,0,0,0,0,0,0,0,0,0,0,0,0,0,0,0,0.0,0.0,0,0.0,0.0,0.0,0.0,0.0,0.0,0.0,0.0,3.617283951,215,6.166666
johnsty01,2006-01-01,1,SLN,0,0,0,0,0,0,0,0,0,0,0,1,0,0,0,0,0,0,1,0.0,0.0,0,0.0,0.0,0.0,0.0,1.0,0.0,0.0,0.0,0.716049383,180,6.166666
westse01,2010-01-01,1,FLO,2,3,0,0,0,0,0,0,0,0,0,2,0,0,0,0,0,0,0,0.0,0.0,0,0.0,0.0,0.0,0.0,0.666666667,0.0,0.0,0.0,0.0,275,6.666666
drewti01,2001-01-01,1,CLE,8,0,0,0,0,0,0,0,0,0,0,0,0,0,0,0,0,0,0,0.0,0.0,0,0.0,0.0,0.0,0.0,0.0,0.0,0.0,0.0,0.222222222,195,6.0833330000000005
gordoto01,2009-01-01,1,ARI,0,0,0,0,0,0,0,0,0,0,0,0,0,0,0,0,0,0,0,0.0,0.0,0,0.0,0.0,0.0,0.0,0.0,0.0,0.0,0.0,0.0,160,5.75
clippty01,2010-01-01,1,WAS,0,0,0,0,0,0,0,0,0,0,0,1,0,0,1,0,0,1,3,0.5,0.5,1,0.0,1.0,0.0,0.0,0.333333333,0.0,0.0,0.0,3.444444444,200,6.25
zambrvi01,2004-01-01,2,NYN,0,6,0,1,0,0,0,0,0,0,0,1,0,0,1,0,0,1,7,0.166666667,0.0,0,0.0,0.333332667,-6.67e-07,0.0,0.0,0.0,0.0,0.0,1.154320988,190,6.0
tarasto01,2002-01-01,1,NYN,0,96,0,24,5,0,6,15,2,1,8,13,0,0,0,0,2,0,105,0.0,0.304761905,0,0.489583,0.0,0.239583,0.076190476,0.0,0.0,0.0,0.666666666,0.0,0,6.0
leewa01,2003-01-01,1,WS1,0,0,0,0,0,4,0,0,5,0,0,0,0,0,0,0,0,36,253,0.0,0.0,64,0.277056,0.0,0.069263792,0.0,0.0,0.0,0.0,1.0,0.0,0,5.8333330000000005
ramoswi01,2010-01-01,1,MIN,0,0,0,8,3,0,0,1,0,0,0,0,0,1,0,0,1,5,28,0.296296296,0.0,0,0.0,0.728835571,0.111110704,0.0,0.0,0.0,0.0,0.0,3.611111111,0,6.0833330000000005
mckiran01,2015-01-01,1,ATL,27,0,0,0,0,0,0,0,0,0,0,1,0,0,0,0,0,0,1,0.0,0.0,0,0.0,0.0,0.0,0.0,0.0,0.0,0.0,0.0,0.166666667,200,6.166666
garciav01,2014-01-01,1,CHA,46,172,0,0,0,0,7,0,4,0,0,44,1,0,0,2,0,0,190,0.244186047,0.0,0,0.41279,0.718053158,0.168603953,0.073684211,0.0,0.318181818,0.284552846,0.0,0.0,0,6.3333330000000005
sweenbi02,2007-01-01,2,BSN,0,191,0,50,2,0,0,0,0,0,15,0,0,0,0,0,0,48,0,0.261780105,0.315533981,0,0.272251,0.587784981,0.0,0.072815534,0.0,0.0,0.0,0.0,6.4135802470000005,0,5.916666
colembo01,2014-01-01,1,PIT,73,150,0,0,4,0,0,0,3,0,15,0,0,0,0,0,0,34,0,0.266666667,0.0,0,0.0,0.659999333,0.059999333,0.089820359,0.191616766,0.46875,0.333333333,1.0,0.0,190,6.166666
donnebr01,2007-01-01,1,BOS,0,0,0,0,0,0,0,0,0,0,0,0,0,0,0,0,0,0,0,0.0,0.0,0,0.0,0.0,0.0,0.0,0.0,0.0,0.0,0.0,0.0,205,6.25
hemphch01,2007-01-01,1,SLA,153,0,66,156,20,0,0,0,0,0,51,0,0,2,19,0,0,127,675,0.0,0.0,0,0.0,0.0,0.0,0.0,0.0,0.0,0.0,0.0,0.0,160,5.75
piersch01,2001-01-01,1,CIN,11,0,0,0,0,0,0,0,0,0,0,0,0,0,0,0,0,0,0,0.0,0.0,0,0.0,0.0,0.0,0.0,0.0,0.0,0.0,0.0,0.067901235,0,6.3333330000000005
mesorde01,2015-01-01,1,CIN,23,45,0,8,0,0,0,2,1,0,0,9,0,1,0,0,0,0,51,0.0,0.274509804,11,0.0,0.518953804,0.0,0.098039216,0.0,0.0,0.0,0.0,0.0,220,6.0833330000000005
lewisdu01,2014-01-01,1,BOS,0,510,53,0,37,9,0,79,0,0,57,0,0,5,24,0,0,0,596,0.278431373,0.0,0,0.0,0.0,0.119607627,0.0,0.06879194599999999,1.390243902,0.299785867,0.415094339,0.0,165,5.8333330000000005
andruel01,2011-01-01,1,TEX,150,587,96,0,0,3,5,60,37,0,0,74,0,5,0,1,0,0,0,0.0,0.0,0,0.361158,0.0,0.081771288,0.0,0.111278195,0.756756757,0.31237721,0.0,7.537037037,0,6.0
osorifr01,2007-01-01,1,PIT,0,0,0,0,0,0,0,0,0,0,0,2,0,0,1,0,0,0,5,0.0,0.0,0,0.0,0.0,0.0,0.0,0.4,0.0,0.0,0.0,0.0,210,6.0
pegueja01,2008-01-01,1,ARI,0,0,0,0,0,0,0,0,0,0,0,0,0,0,0,0,0,0,0,0.0,0.0,0,0.0,0.0,0.0,0.0,0.0,0.0,0.0,0.0,0.0,0,6.0
francje01,2011-01-01,1,KCA,0,0,0,0,0,0,0,0,0,0,0,0,0,0,0,0,0,0,0,0.0,0.0,0,0.0,0.0,0.0,0.0,0.5,0.0,0.0,0.0,1.5802469140000002,0,6.416666
olivejo01,2001-01-01,2,BOS,5,0,1,3,0,0,0,0,0,0,1,3,0,0,0,0,0,2,0,0.0,0.0,0,0.333333,0.641025308,0.0,0.0,0.0,0.0,0.333333333,0.0,6.641975308999998,0,6.25
gracema01,2002-01-01,1,ARI,124,0,43,0,19,0,0,48,0,0,46,30,6,1,0,0,0,0,0,0.0,0.350574713,0,0.0,0.736480713,0.0,0.0,0.08620689699999999,1.533333333,0.257575758,0.0,0.0,190,6.166666
morrima01,2007-01-01,1,SFN,0,0,3,7,0,0,0,0,0,0,0,10,0,0,0,0,0,6,0,0.184210526,0.0,0,0.210526,0.0,0.026315474,0.0,0.222222222,0.0,0.0,0.0,0.0,210,6.416666
mussimi01,2001-01-01,1,NYA,34,0,0,0,0,0,0,0,0,0,0,0,0,0,0,0,0,0,0,0.14285714300000002,0.0,1,0.0,0.28571414300000003,-1.43e-07,0.0,0.0,0.0,0.2,0.0,0.0,0,6.166666
mclouna01,2008-01-01,1,PIT,152,597,113,0,0,4,26,0,0,3,0,93,0,0,5,6,0,0,685,0.0,0.355882353,0,0.497487,0.0,0.0,0.0,0.0,0.698924731,0.0,0.8846153840000001,0.0,0,5.8333330000000005
wolfepo01,2014-01-01,1,CHA,8,0,0,6,0,0,0,0,1,0,3,0,0,0,0,0,0,0,0,0.214285714,0.0,6,0.0,0.504607581,-7.140000000000002e-07,0.096774194,0.0,0.0,0.0,0.0,0.055555556,170,5.8333330000000005
spoonti01,2003-01-01,1,FLO,0,0,0,0,0,0,0,0,0,0,0,3,0,0,0,0,0,0,0,0.0,0.0,0,0.0,0.0,0.0,0.0,0.0,0.0,0.0,0.0,0.543209877,0,6.25
mccarbi02,2006-01-01,1,BSN,0,1,0,0,0,0,0,0,0,0,0,0,0,0,0,0,0,0,1,0.0,0.0,0,0.0,0.0,0.0,0.0,0.0,0.0,0.0,0.0,0.00617284,0,5.916666
